{"primitives":[{"id":"floor02","label":"Square Floor","tips":"Drag and Drop to \nCanvas to Make\n a New Floor","thumbnail":"floor01.png","ov":"floor01.png","ov-s":"specified shape type","dm":"material 0","dt":"floor02_3d.png","dshape":[-200,0,-200,200,0,-200,200,0,200,-200,0,200],"size":{"x":200,"y":20,"z":100},"pos":{"x":0,"y":0,"z":0},"rot":{"x":0,"y":0,"z":0},"transparent":false,"opacity":1,"layerId":"Floor"},{"id":"squareRoom","label":"Square Wall","tips":"Drag and Drop to \nCanvas to Make\n a New Wall","thumbnail":"room01.png","ov":"room01.png","ov-s":"specified shape type","dm":"material 0","dt":"wall.png","dshape":[-200,0,-200,200,0,-200,200,0,200,-200,0,200],"size":{"x":200,"y":300,"z":10},"pos":{"x":0,"y":0,"z":0},"rot":{"x":0,"y":0,"z":0},"transparent":false,"opacity":1,"layerId":"Wall"},{"id":"EBE835313508E430989E8717BFAE25ABC","scale":{"x":1,"y":1,"z":1},"pos":{"x":0,"y":102,"z":0},"rot":{"x":0,"y":0,"z":0},"className":"mono.ComboNode","operators":["+","+"],"combos":[{"id":"ED76528A357F74E4197ABA7065412282D"},{"id":"EEAA2BA1C1D414EFF8AA893B746B307D0"},{"id":"E803186904E31414C8455D9CA1F9B3EE8"}],"centralized":true,"dt":["http://localhost:8086/TWaver/Twaver/images/HUAWEI OSN 材质2.png","http://localhost:8086/TWaver/Twaver/images/HUAWEI OSN 材质2.png","http://localhost:8086/TWaver/Twaver/images/HUAWEI OSN 材质2.png","http://localhost:8086/TWaver/Twaver/images/HUAWEI OSN 材质2.png","http://localhost:8086/TWaver/Twaver/images/HUAWEI OSN 材质2.png","http://localhost:8086/TWaver/Twaver/images/HUAWEI OSN 材质2.png","http://localhost:8086/TWaver/Twaver/images/HUAWEI OSN 材质2.png","http://localhost:8086/TWaver/Twaver/images/HUAWEI OSN 材质2.png","http://localhost:8086/TWaver/Twaver/images/HUAWEI OSN 材质2.png","http://localhost:8086/TWaver/Twaver/images/HUAWEI OSN 材质2.png","http://localhost:8086/TWaver/Twaver/images/HUAWEI OSN 材质2.png","http://localhost:8086/TWaver/Twaver/images/HUAWEI OSN 材质2.png"],"transparent":[false,false,false,false,false,false,false,false,false,false,false,false],"opacity":[1,1,1,1,1,1,1,1,1,1,1,1],"flipX":[false,false,false,false,false,false,false,false,false,false,false,false],"flipY":[false,false,false,false,false,false,false,false,false,false,false,false],"specularStrength":[1,1,1,1,1,"1",1,"1",1,1,1,1],"repeat":[[3,3],[3,3],[3,3],[3,3],[3,3],[3,3],[3,3],[3,3],[3,3],[3,3],[3,3],[3,3]],"scaleValue":"1m"},{"id":"ED76528A357F74E4197ABA7065412282D","scale":{"x":1,"y":1,"z":1},"pos":{"x":-28,"y":101.5,"z":0},"rot":{"x":-1.5707963267948966,"y":0,"z":0},"size":{"x":3,"y":100,"z":3},"className":"mono.Cylinder","radialSegments":3,"openTop":false,"openBottom":false,"ambient":["#ffffff",{"r":1,"g":1,"b":1},"#ffffff"],"color":["#ffffff",{"r":1,"g":1,"b":1},"#ffffff"],"dt":["images/default_texture.png","images/default_texture.png","images/default_texture.png"],"transparent":[false,false,false],"types":["phong","phong","phong"],"opacity":[1,1,1],"flipX":[false,false,false],"flipY":[false,false,false],"specularStrength":["1",1,"1"],"polygonOffset":[false,false,false],"polygonOffsetFactor":["0",0,"0"],"polygonOffsetUnits":["0",0,"0"],"repeat":[[3,3],[3,3],[3,3]]},{"id":"EEAA2BA1C1D414EFF8AA893B746B307D0","scale":{"x":1,"y":1,"z":1},"pos":{"x":0,"y":102,"z":0},"rot":{"x":0,"y":0,"z":0},"size":{"x":56,"y":5,"z":100},"className":"mono.Cube","ambient":[{"r":1,"g":1,"b":1},{"r":1,"g":1,"b":1},"#ffffff",{"r":1,"g":1,"b":1},"#ffffff",{"r":1,"g":1,"b":1}],"color":[{"r":1,"g":1,"b":1},{"r":1,"g":1,"b":1},"#ffffff",{"r":1,"g":1,"b":1},"#ffffff",{"r":1,"g":1,"b":1}],"dt":["images/default_texture.png","images/default_texture.png","images/default_texture.png","images/default_texture.png","images/default_texture.png","images/default_texture.png"],"transparent":[false,false,false,false,false,false],"types":["phong","phong","phong","phong","phong","phong"],"opacity":[1,1,1,1,1,1],"flipX":[false,false,false,false,false,false],"flipY":[false,false,false,false,false,false],"specularStrength":[1,1,"1",1,"1",1],"polygonOffset":[false,false,false,false,false,false],"polygonOffsetFactor":[0,0,"0",0,"0",0],"polygonOffsetUnits":[0,0,"0",0,"0",0],"repeat":[[3,3],[3,3],[3,3],[3,3],[3,3],[3,3]]},{"id":"E803186904E31414C8455D9CA1F9B3EE8","scale":{"x":1,"y":1,"z":1},"pos":{"x":28,"y":101.5,"z":0},"rot":{"x":-1.5707963267948966,"y":0,"z":0},"size":{"x":3,"y":100,"z":3},"className":"mono.Cylinder","radialSegments":3,"openTop":false,"openBottom":false,"ambient":["#ffffff",{"r":1,"g":1,"b":1},"#ffffff"],"color":["#ffffff",{"r":1,"g":1,"b":1},"#ffffff"],"dt":["images/default_texture.png","images/default_texture.png","images/default_texture.png"],"transparent":[false,false,false],"types":["phong","phong","phong"],"opacity":[1,1,1],"flipX":[false,false,false],"flipY":[false,false,false],"specularStrength":["1",1,"1"],"polygonOffset":[false,false,false],"polygonOffsetFactor":["0",0,"0"],"polygonOffsetUnits":["0",0,"0"],"repeat":[[3,3],[3,3],[3,3]]},{"id":"E66072F51CA224988B88EE7838CFC4648","scale":{"x":1,"y":1,"z":1},"pos":{"x":-29.25,"y":0,"z":0},"rot":{"x":0,"y":0,"z":0},"className":"mono.ComboNode","operators":["+"],"combos":[{"id":"EF7D046E7008A4E3DB53FB472EF198218"},{"id":"EA4FC86922F124B3697891A1BD0264A8D"}],"centralized":true,"repeat":[[1,1],[1,1],[1,1],[1,1],[3,3],[1,1],[3,3],[3,3],[3,3],[3,3],[3,3],[3,3],[3,3],[3,3],[3,3],[3,3],[3,3],[3,3],[3,3],[3,3],[3,3],[3,3],[3,3],[3,3],[3,3],[3,3],[3,3],[3,3],[3,3],[3,3]],"scaleValue":"1m"},{"id":"EF7D046E7008A4E3DB53FB472EF198218","scale":{"x":1,"y":1,"z":1},"pos":{"x":-29,"y":0,"z":0},"rot":{"x":0,"y":0,"z":0},"size":{"x":2,"y":180,"z":90},"className":"mono.Cube","ambient":[{"r":1,"g":1,"b":1},{"r":1,"g":1,"b":1},{"r":1,"g":1,"b":1},{"r":1,"g":1,"b":1},"#ffffff","#ffffff"],"color":[{"r":1,"g":1,"b":1},{"r":1,"g":1,"b":1},{"r":1,"g":1,"b":1},{"r":1,"g":1,"b":1},"#ffffff","#ffffff"],"dt":["images/gray.png","images/gray.png","images/gray.png","images/gray.png","images/default_texture.png","images/gray.png"],"transparent":[false,false,false,false,false,false],"types":["phong","phong","phong","phong","phong","phong"],"visible":[true,true,true,true,true,true],"opacity":[1,1,1,1,1,1],"flipX":[false,false,false,false,false,false],"flipY":[false,false,false,false,false,false],"specularStrength":[1,1,1,1,"1","1"],"polygonOffset":[false,false,false,false,false,false],"polygonOffsetFactor":[0,0,0,0,"0","0"],"polygonOffsetUnits":[0,0,0,0,"0","0"],"repeat":[[1,1],[1,1],[1,1],[1,1],[3,3],[1,1]]},{"id":"EA4FC86922F124B3697891A1BD0264A8D","scale":{"x":1,"y":1,"z":1},"pos":{"x":-30,"y":0,"z":0},"rot":{"x":0,"y":0,"z":0},"className":"mono.ComboNode","operators":["+","+","+"],"combos":[{"id":"B022498329844700871A42BF4D70D991"},{"id":"BCA76FAD5336403383FBA1D8C1CE3A30"},{"id":"E494C3BF202D41338216C8AFFFFE6873"},{"id":"46D8EE1C2B094740AD23C28011FE36F6"}],"centralized":true,"dt":["http://localhost:8086/TWaver/Twaver/images/HUAWEI OSN 材质2.png","http://localhost:8086/TWaver/Twaver/images/HUAWEI OSN 材质2.png","http://localhost:8086/TWaver/Twaver/images/HUAWEI OSN 材质2.png","http://localhost:8086/TWaver/Twaver/images/HUAWEI OSN 材质2.png","http://localhost:8086/TWaver/Twaver/images/HUAWEI OSN 材质2.png","http://localhost:8086/TWaver/Twaver/images/HUAWEI OSN 材质2.png","http://localhost:8086/TWaver/Twaver/images/HUAWEI OSN 材质2.png","http://localhost:8086/TWaver/Twaver/images/HUAWEI OSN 材质2.png","http://localhost:8086/TWaver/Twaver/images/HUAWEI OSN 材质2.png","http://localhost:8086/TWaver/Twaver/images/HUAWEI OSN 材质2.png","http://localhost:8086/TWaver/Twaver/images/HUAWEI OSN 材质2.png","http://localhost:8086/TWaver/Twaver/images/HUAWEI OSN 材质2.png","http://localhost:8086/TWaver/Twaver/images/HUAWEI OSN 材质2.png","http://localhost:8086/TWaver/Twaver/images/HUAWEI OSN 材质2.png","http://localhost:8086/TWaver/Twaver/images/HUAWEI OSN 材质2.png","http://localhost:8086/TWaver/Twaver/images/HUAWEI OSN 材质2.png","http://localhost:8086/TWaver/Twaver/images/HUAWEI OSN 材质2.png","http://localhost:8086/TWaver/Twaver/images/HUAWEI OSN 材质2.png","http://localhost:8086/TWaver/Twaver/images/HUAWEI OSN 材质2.png","http://localhost:8086/TWaver/Twaver/images/HUAWEI OSN 材质2.png","http://localhost:8086/TWaver/Twaver/images/HUAWEI OSN 材质2.png","http://localhost:8086/TWaver/Twaver/images/HUAWEI OSN 材质2.png","http://localhost:8086/TWaver/Twaver/images/HUAWEI OSN 材质2.png","http://localhost:8086/TWaver/Twaver/images/HUAWEI OSN 材质2.png"],"transparent":[false,false,false,false,false,false,false,false,false,false,false,false,false,false,false,false,false,false,false,false,false,false,false,false],"types":["phong","phong","phong","phong","phong","phong","phong","phong","phong","phong","phong","phong","phong","phong","phong","phong","phong","phong","phong","phong","phong","phong","phong","phong"],"visible":[true,true,true,true,true,true,true,true,true,true,true,true,true,true,true,true,true,true,true,true,true,true,true,true],"opacity":[1,1,1,1,1,1,1,1,1,1,1,1,1,1,1,1,1,1,1,1,1,1,1,1],"flipX":[false,false,false,false,false,false,false,false,false,false,false,false,false,false,false,false,false,false,false,false,false,false,false,false],"flipY":[false,false,false,false,false,false,false,false,false,false,false,false,false,false,false,false,false,false,false,false,false,false,false,false],"specularStrength":[1,"1",1,1,"1",1,1,1,1,1,1,1,1,1,1,1,1,1,1,1,1,1,1,1],"polygonOffset":[false,false,false,false,false,false,false,false,false,false,false,false,false,false,false,false,false,false,false,false,false,false,false,false],"repeat":[[3,3],[3,3],[3,3],[3,3],[3,3],[3,3],[3,3],[3,3],[3,3],[3,3],[3,3],[3,3],[3,3],[3,3],[3,3],[3,3],[3,3],[3,3],[3,3],[3,3],[3,3],[3,3],[3,3],[3,3]],"scaleValue":"1m"},{"id":"B022498329844700871A42BF4D70D991","scale":{"x":1,"y":1,"z":1},"pos":{"x":-30,"y":95,"z":0},"rot":{"x":0,"y":0,"z":0},"size":{"x":1,"y":10,"z":100},"className":"mono.Cube","ambient":["#ffffff","#ffffff",{"r":1,"g":1,"b":1},{"r":1,"g":1,"b":1},"#ffffff","#ffffff"],"color":["#ffffff","#ffffff",{"r":1,"g":1,"b":1},{"r":1,"g":1,"b":1},"#ffffff","#ffffff"],"dt":["http://localhost:8086/TWaver/Twaver/images/blue.png","http://localhost:8086/TWaver/Twaver/images/dark blue.png","http://localhost:8086/TWaver/Twaver/images/dark blue.png","http://localhost:8086/TWaver/Twaver/images/dark blue.png","http://localhost:8086/TWaver/Twaver/images/blue.png","http://localhost:8086/TWaver/Twaver/images/dark blue.png"],"transparent":[false,false,false,false,false,false],"types":["phong","phong","phong","phong","phong","phong"],"visible":[true,true,true,true,true,true],"opacity":[1,1,1,1,1,1],"flipX":[false,false,false,false,false,false],"flipY":[false,false,false,false,false,false],"polygonOffset":[false,false,false,false,false,false],"repeat":[[3,3],[3,3],[3,3],[3,3],[3,3],[3,3]]},{"id":"BCA76FAD5336403383FBA1D8C1CE3A30","scale":{"x":1,"y":1,"z":1},"pos":{"x":-30,"y":0,"z":-45},"rot":{"x":0,"y":0,"z":0},"size":{"x":1,"y":180,"z":10},"className":"mono.Cube","ambient":["#ffffff","#ffffff",{"r":1,"g":1,"b":1},{"r":1,"g":1,"b":1},"#ffffff","#ffffff"],"color":["#ffffff","#ffffff",{"r":1,"g":1,"b":1},{"r":1,"g":1,"b":1},"#ffffff","#ffffff"],"dt":["http://localhost:8086/TWaver/Twaver/images/dark blue.png","http://localhost:8086/TWaver/Twaver/images/dark blue.png","http://localhost:8086/TWaver/Twaver/images/dark blue.png","http://localhost:8086/TWaver/Twaver/images/dark blue.png","http://localhost:8086/TWaver/Twaver/images/dark blue.png","http://localhost:8086/TWaver/Twaver/images/dark blue.png"],"transparent":[false,false,false,false,false,false],"types":["phong","phong","phong","phong","phong","phong"],"visible":[true,true,true,true,true,true],"opacity":[1,1,1,1,1,1],"flipX":[false,false,false,false,false,false],"flipY":[false,false,false,false,false,false],"polygonOffset":[false,false,false,false,false,false],"repeat":[[3,3],[3,3],[3,3],[3,3],[3,3],[3,3]]},{"id":"E494C3BF202D41338216C8AFFFFE6873","scale":{"x":1,"y":1,"z":1},"pos":{"x":-30,"y":0,"z":45},"rot":{"x":0,"y":0,"z":0},"size":{"x":1,"y":180,"z":10},"className":"mono.Cube","ambient":["#ffffff","#ffffff",{"r":1,"g":1,"b":1},{"r":1,"g":1,"b":1},"#ffffff","#ffffff"],"color":["#ffffff","#ffffff",{"r":1,"g":1,"b":1},{"r":1,"g":1,"b":1},"#ffffff","#ffffff"],"dt":["http://localhost:8086/TWaver/Twaver/images/blue.png","http://localhost:8086/TWaver/Twaver/images/dark blue.png","http://localhost:8086/TWaver/Twaver/images/dark blue.png","http://localhost:8086/TWaver/Twaver/images/dark blue.png","http://localhost:8086/TWaver/Twaver/images/blue.png","http://localhost:8086/TWaver/Twaver/images/dark blue.png"],"transparent":[false,false,false,false,false,false],"types":["phong","phong","phong","phong","phong","phong"],"visible":[true,true,true,true,true,true],"opacity":[1,1,1,1,1,1],"flipX":[false,false,false,false,false,false],"flipY":[false,false,false,false,false,false],"polygonOffset":[false,false,false,false,false,false],"repeat":[[3,3],[3,3],[3,3],[3,3],[3,3],[3,3]]},{"id":"46D8EE1C2B094740AD23C28011FE36F6","scale":{"x":1,"y":1,"z":1},"pos":{"x":-30,"y":-95,"z":0},"rot":{"x":0,"y":0,"z":0},"size":{"x":1,"y":10,"z":100},"className":"mono.Cube","ambient":["#ffffff","#ffffff",{"r":1,"g":1,"b":1},{"r":1,"g":1,"b":1},"#ffffff","#ffffff"],"color":["#ffffff","#ffffff",{"r":1,"g":1,"b":1},{"r":1,"g":1,"b":1},"#ffffff","#ffffff"],"dt":["http://localhost:8086/TWaver/Twaver/images/blue.png","http://localhost:8086/TWaver/Twaver/images/dark blue.png","http://localhost:8086/TWaver/Twaver/images/dark blue.png","http://localhost:8086/TWaver/Twaver/images/dark blue.png","http://localhost:8086/TWaver/Twaver/images/blue.png","http://localhost:8086/TWaver/Twaver/images/dark blue.png"],"transparent":[false,false,false,false,false,false],"types":["phong","phong","phong","phong","phong","phong"],"visible":[true,true,true,true,true,true],"opacity":[1,1,1,1,1,1],"flipX":[false,false,false,false,false,false],"flipY":[false,false,false,false,false,false],"polygonOffset":[false,false,false,false,false,false],"repeat":[[3,3],[3,3],[3,3],[3,3],[3,3],[3,3]]},{"id":"EC004016D457B497D858254F58C578D73","scale":{"x":1,"y":1,"z":1},"pos":{"x":29.25,"y":0,"z":0},"rot":{"x":0,"y":0,"z":0},"className":"mono.ComboNode","operators":["+"],"combos":[{"id":"E1BDADAD7DFE246258AE468EF116C2790"},{"id":"E24923432C74E4DC6B7AD329089F008AE"}],"centralized":true,"dt":["https://mono-design.cn/images/gray.png","https://mono-design.cn/images/gray.png","https://mono-design.cn/images/gray.png","https://mono-design.cn/images/gray.png","https://mono-design.cn/images/gray.png","https://mono-design.cn/images/gray.png","http://localhost:8086/TWaver/Twaver/images/HUAWEI%20OSN%20%E6%9D%90%E8%B4%A82.png","http://localhost:8086/TWaver/Twaver/images/HUAWEI%20OSN%20%E6%9D%90%E8%B4%A82.png","http://localhost:8086/TWaver/Twaver/images/HUAWEI%20OSN%20%E6%9D%90%E8%B4%A82.png","http://localhost:8086/TWaver/Twaver/images/HUAWEI%20OSN%20%E6%9D%90%E8%B4%A82.png","http://localhost:8086/TWaver/Twaver/images/HUAWEI%20OSN%20%E6%9D%90%E8%B4%A82.png","http://localhost:8086/TWaver/Twaver/images/HUAWEI%20OSN%20%E6%9D%90%E8%B4%A82.png","http://localhost:8086/TWaver/Twaver/images/HUAWEI%20OSN%20%E6%9D%90%E8%B4%A82.png","http://localhost:8086/TWaver/Twaver/images/HUAWEI%20OSN%20%E6%9D%90%E8%B4%A82.png","http://localhost:8086/TWaver/Twaver/images/HUAWEI%20OSN%20%E6%9D%90%E8%B4%A82.png","http://localhost:8086/TWaver/Twaver/images/HUAWEI%20OSN%20%E6%9D%90%E8%B4%A82.png","http://localhost:8086/TWaver/Twaver/images/HUAWEI%20OSN%20%E6%9D%90%E8%B4%A82.png","http://localhost:8086/TWaver/Twaver/images/HUAWEI%20OSN%20%E6%9D%90%E8%B4%A82.png","http://localhost:8086/TWaver/Twaver/images/HUAWEI%20OSN%20%E6%9D%90%E8%B4%A82.png","http://localhost:8086/TWaver/Twaver/images/HUAWEI%20OSN%20%E6%9D%90%E8%B4%A82.png","http://localhost:8086/TWaver/Twaver/images/HUAWEI%20OSN%20%E6%9D%90%E8%B4%A82.png","http://localhost:8086/TWaver/Twaver/images/HUAWEI%20OSN%20%E6%9D%90%E8%B4%A82.png","http://localhost:8086/TWaver/Twaver/images/HUAWEI%20OSN%20%E6%9D%90%E8%B4%A82.png","http://localhost:8086/TWaver/Twaver/images/HUAWEI%20OSN%20%E6%9D%90%E8%B4%A82.png","http://localhost:8086/TWaver/Twaver/images/HUAWEI%20OSN%20%E6%9D%90%E8%B4%A82.png","http://localhost:8086/TWaver/Twaver/images/HUAWEI%20OSN%20%E6%9D%90%E8%B4%A82.png","http://localhost:8086/TWaver/Twaver/images/HUAWEI%20OSN%20%E6%9D%90%E8%B4%A82.png","http://localhost:8086/TWaver/Twaver/images/HUAWEI%20OSN%20%E6%9D%90%E8%B4%A82.png","http://localhost:8086/TWaver/Twaver/images/HUAWEI%20OSN%20%E6%9D%90%E8%B4%A82.png","http://localhost:8086/TWaver/Twaver/images/HUAWEI%20OSN%20%E6%9D%90%E8%B4%A82.png"],"transparent":[false,false,false,false,false,false,false,false,false,false,false,false,false,false,false,false,false,false,false,false,false,false,false,false,false,false,false,false,false,false],"opacity":[1,1,1,1,1,1,1,1,1,1,1,1,1,1,1,1,1,1,1,1,1,1,1,1,1,1,1,1,1,1],"flipX":[false,false,false,false,false,false,false,false,false,false,false,false,false,false,false,false,false,false,false,false,false,false,false,false,false,false,false,false,false,false],"flipY":[false,false,false,false,false,false,false,false,false,false,false,false,false,false,false,false,false,false,false,false,false,false,false,false,false,false,false,false,false,false],"specularStrength":[1,"1",1,1,1,1,"1",1,1,1,1,1,1,1,1,1,1,1,1,1,1,1,1,1,1,1,1,1,1,1],"repeat":[[1,1],[1,1],[1,1],[1,1],[3,3],[1,1],[3,3],[3,3],[3,3],[3,3],[3,3],[3,3],[3,3],[3,3],[3,3],[3,3],[3,3],[3,3],[3,3],[3,3],[3,3],[3,3],[3,3],[3,3],[3,3],[3,3],[3,3],[3,3],[3,3],[3,3]],"scaleValue":"1m"},{"id":"E1BDADAD7DFE246258AE468EF116C2790","scale":{"x":1,"y":1,"z":1},"pos":{"x":29,"y":0,"z":0},"rot":{"x":0,"y":0,"z":0},"size":{"x":2,"y":180,"z":90},"className":"mono.Cube","ambient":[{"r":1,"g":1,"b":1},{"r":1,"g":1,"b":1},{"r":1,"g":1,"b":1},{"r":1,"g":1,"b":1},"#ffffff","#ffffff"],"color":[{"r":1,"g":1,"b":1},{"r":1,"g":1,"b":1},{"r":1,"g":1,"b":1},{"r":1,"g":1,"b":1},"#ffffff","#ffffff"],"dt":["images/gray.png","images/gray.png","images/gray.png","images/gray.png","images/default_texture.png","images/gray.png"],"transparent":[false,false,false,false,false,false],"types":["phong","phong","phong","phong","phong","phong"],"visible":[true,true,true,true,true,true],"opacity":[1,1,1,1,1,1],"flipX":[false,false,false,false,false,false],"flipY":[false,false,false,false,false,false],"specularStrength":[1,1,1,1,"1","1"],"polygonOffset":[false,false,false,false,false,false],"polygonOffsetFactor":[0,0,0,0,"0","0"],"polygonOffsetUnits":[0,0,0,0,"0","0"],"repeat":[[1,1],[1,1],[1,1],[1,1],[3,3],[1,1]]},{"id":"E24923432C74E4DC6B7AD329089F008AE","scale":{"x":1,"y":1,"z":1},"pos":{"x":30,"y":0,"z":0},"rot":{"x":0,"y":0,"z":0},"className":"mono.ComboNode","operators":["+","+","+"],"combos":[{"id":"F5D62658D24E4B7A870CAA16E3801300"},{"id":"9B085A180A4E42EB8656A94D98F0FD4B"},{"id":"170E4CF8D41A4230A5E20922D106D4C2"},{"id":"B833DF2CC2BB41AB9BE1D928B013970A"}],"centralized":true,"dt":["http://localhost:8086/TWaver/Twaver/images/HUAWEI OSN 材质2.png","http://localhost:8086/TWaver/Twaver/images/HUAWEI OSN 材质2.png","http://localhost:8086/TWaver/Twaver/images/HUAWEI OSN 材质2.png","http://localhost:8086/TWaver/Twaver/images/HUAWEI OSN 材质2.png","http://localhost:8086/TWaver/Twaver/images/HUAWEI OSN 材质2.png","http://localhost:8086/TWaver/Twaver/images/HUAWEI OSN 材质2.png","http://localhost:8086/TWaver/Twaver/images/HUAWEI OSN 材质2.png","http://localhost:8086/TWaver/Twaver/images/HUAWEI OSN 材质2.png","http://localhost:8086/TWaver/Twaver/images/HUAWEI OSN 材质2.png","http://localhost:8086/TWaver/Twaver/images/HUAWEI OSN 材质2.png","http://localhost:8086/TWaver/Twaver/images/HUAWEI OSN 材质2.png","http://localhost:8086/TWaver/Twaver/images/HUAWEI OSN 材质2.png","http://localhost:8086/TWaver/Twaver/images/HUAWEI OSN 材质2.png","http://localhost:8086/TWaver/Twaver/images/HUAWEI OSN 材质2.png","http://localhost:8086/TWaver/Twaver/images/HUAWEI OSN 材质2.png","http://localhost:8086/TWaver/Twaver/images/HUAWEI OSN 材质2.png","http://localhost:8086/TWaver/Twaver/images/HUAWEI OSN 材质2.png","http://localhost:8086/TWaver/Twaver/images/HUAWEI OSN 材质2.png","http://localhost:8086/TWaver/Twaver/images/HUAWEI OSN 材质2.png","http://localhost:8086/TWaver/Twaver/images/HUAWEI OSN 材质2.png","http://localhost:8086/TWaver/Twaver/images/HUAWEI OSN 材质2.png","http://localhost:8086/TWaver/Twaver/images/HUAWEI OSN 材质2.png","http://localhost:8086/TWaver/Twaver/images/HUAWEI OSN 材质2.png","http://localhost:8086/TWaver/Twaver/images/HUAWEI OSN 材质2.png"],"transparent":[false,false,false,false,false,false,false,false,false,false,false,false,false,false,false,false,false,false,false,false,false,false,false,false],"types":["phong","phong","phong","phong","phong","phong","phong","phong","phong","phong","phong","phong","phong","phong","phong","phong","phong","phong","phong","phong","phong","phong","phong","phong"],"visible":[true,true,true,true,true,true,true,true,true,true,true,true,true,true,true,true,true,true,true,true,true,true,true,true],"opacity":[1,1,1,1,1,1,1,1,1,1,1,1,1,1,1,1,1,1,1,1,1,1,1,1],"flipX":[false,false,false,false,false,false,false,false,false,false,false,false,false,false,false,false,false,false,false,false,false,false,false,false],"flipY":[false,false,false,false,false,false,false,false,false,false,false,false,false,false,false,false,false,false,false,false,false,false,false,false],"specularStrength":["1",1,1,1,1,1,1,1,1,1,1,1,"1",1,1,1,1,1,1,1,1,1,1,1],"polygonOffset":[false,false,false,false,false,false,false,false,false,false,false,false,false,false,false,false,false,false,false,false,false,false,false,false],"repeat":[[3,3],[3,3],[3,3],[3,3],[3,3],[3,3],[3,3],[3,3],[3,3],[3,3],[3,3],[3,3],[3,3],[3,3],[3,3],[3,3],[3,3],[3,3],[3,3],[3,3],[3,3],[3,3],[3,3],[3,3]],"scaleValue":"1m"},{"id":"F5D62658D24E4B7A870CAA16E3801300","scale":{"x":1,"y":1,"z":1},"pos":{"x":-30,"y":95,"z":0},"rot":{"x":0,"y":0,"z":0},"size":{"x":1,"y":10,"z":100},"className":"mono.Cube","ambient":["#ffffff","#ffffff",{"r":1,"g":1,"b":1},{"r":1,"g":1,"b":1},"#ffffff","#ffffff"],"color":["#ffffff","#ffffff",{"r":1,"g":1,"b":1},{"r":1,"g":1,"b":1},"#ffffff","#ffffff"],"dt":["http://localhost:8086/TWaver/Twaver/images/blue.png","http://localhost:8086/TWaver/Twaver/images/dark blue.png","http://localhost:8086/TWaver/Twaver/images/dark blue.png","http://localhost:8086/TWaver/Twaver/images/dark blue.png","http://localhost:8086/TWaver/Twaver/images/blue.png","http://localhost:8086/TWaver/Twaver/images/dark blue.png"],"transparent":[false,false,false,false,false,false],"types":["phong","phong","phong","phong","phong","phong"],"visible":[true,true,true,true,true,true],"opacity":[1,1,1,1,1,1],"flipX":[false,false,false,false,false,false],"flipY":[false,false,false,false,false,false],"polygonOffset":[false,false,false,false,false,false],"repeat":[[3,3],[3,3],[3,3],[3,3],[3,3],[3,3]]},{"id":"9B085A180A4E42EB8656A94D98F0FD4B","scale":{"x":1,"y":1,"z":1},"pos":{"x":-30,"y":0,"z":-45},"rot":{"x":0,"y":0,"z":0},"size":{"x":1,"y":180,"z":10},"className":"mono.Cube","ambient":["#ffffff","#ffffff",{"r":1,"g":1,"b":1},{"r":1,"g":1,"b":1},"#ffffff","#ffffff"],"color":["#ffffff","#ffffff",{"r":1,"g":1,"b":1},{"r":1,"g":1,"b":1},"#ffffff","#ffffff"],"dt":["http://localhost:8086/TWaver/Twaver/images/dark blue.png","http://localhost:8086/TWaver/Twaver/images/dark blue.png","http://localhost:8086/TWaver/Twaver/images/dark blue.png","http://localhost:8086/TWaver/Twaver/images/dark blue.png","http://localhost:8086/TWaver/Twaver/images/dark blue.png","http://localhost:8086/TWaver/Twaver/images/dark blue.png"],"transparent":[false,false,false,false,false,false],"types":["phong","phong","phong","phong","phong","phong"],"visible":[true,true,true,true,true,true],"opacity":[1,1,1,1,1,1],"flipX":[false,false,false,false,false,false],"flipY":[false,false,false,false,false,false],"polygonOffset":[false,false,false,false,false,false],"repeat":[[3,3],[3,3],[3,3],[3,3],[3,3],[3,3]]},{"id":"170E4CF8D41A4230A5E20922D106D4C2","scale":{"x":1,"y":1,"z":1},"pos":{"x":-30,"y":0,"z":45},"rot":{"x":0,"y":0,"z":0},"size":{"x":1,"y":180,"z":10},"className":"mono.Cube","ambient":["#ffffff","#ffffff",{"r":1,"g":1,"b":1},{"r":1,"g":1,"b":1},"#ffffff","#ffffff"],"color":["#ffffff","#ffffff",{"r":1,"g":1,"b":1},{"r":1,"g":1,"b":1},"#ffffff","#ffffff"],"dt":["http://localhost:8086/TWaver/Twaver/images/blue.png","http://localhost:8086/TWaver/Twaver/images/dark blue.png","http://localhost:8086/TWaver/Twaver/images/dark blue.png","http://localhost:8086/TWaver/Twaver/images/dark blue.png","http://localhost:8086/TWaver/Twaver/images/blue.png","http://localhost:8086/TWaver/Twaver/images/dark blue.png"],"transparent":[false,false,false,false,false,false],"types":["phong","phong","phong","phong","phong","phong"],"visible":[true,true,true,true,true,true],"opacity":[1,1,1,1,1,1],"flipX":[false,false,false,false,false,false],"flipY":[false,false,false,false,false,false],"polygonOffset":[false,false,false,false,false,false],"repeat":[[3,3],[3,3],[3,3],[3,3],[3,3],[3,3]]},{"id":"B833DF2CC2BB41AB9BE1D928B013970A","scale":{"x":1,"y":1,"z":1},"pos":{"x":-30,"y":-95,"z":0},"rot":{"x":0,"y":0,"z":0},"size":{"x":1,"y":10,"z":100},"className":"mono.Cube","ambient":["#ffffff","#ffffff",{"r":1,"g":1,"b":1},{"r":1,"g":1,"b":1},"#ffffff","#ffffff"],"color":["#ffffff","#ffffff",{"r":1,"g":1,"b":1},{"r":1,"g":1,"b":1},"#ffffff","#ffffff"],"dt":["http://localhost:8086/TWaver/Twaver/images/blue.png","http://localhost:8086/TWaver/Twaver/images/dark blue.png","http://localhost:8086/TWaver/Twaver/images/dark blue.png","http://localhost:8086/TWaver/Twaver/images/dark blue.png","http://localhost:8086/TWaver/Twaver/images/blue.png","http://localhost:8086/TWaver/Twaver/images/dark blue.png"],"transparent":[false,false,false,false,false,false],"types":["phong","phong","phong","phong","phong","phong"],"visible":[true,true,true,true,true,true],"opacity":[1,1,1,1,1,1],"flipX":[false,false,false,false,false,false],"flipY":[false,false,false,false,false,false],"polygonOffset":[false,false,false,false,false,false],"repeat":[[3,3],[3,3],[3,3],[3,3],[3,3],[3,3]]},{"id":"E091BE51943264DB2940823910372D358","scale":{"x":1,"y":1,"z":1},"pos":{"x":0,"y":0,"z":-49.25},"rot":{"x":0,"y":0,"z":0},"className":"mono.ComboNode","operators":["+"],"combos":[{"id":"E416828B4FDE94BFD848685FFF886043F"},{"id":"EDE07923751D9415E8A2F44664501EF98"}],"centralized":true,"repeat":[[1,1],[1,1],[1,1],[1,1],[1,1],[1,1],[3,3],[3,3],[3,3],[3,3],[3,3],[3,3],[3,3],[3,3],[3,3],[3,3],[3,3],[3,3],[3,3],[3,3],[3,3],[3,3],[3,3],[3,3],[3,3],[3,3],[3,3],[3,3],[3,3],[3,3]],"scaleValue":"1m"},{"id":"E416828B4FDE94BFD848685FFF886043F","scale":{"x":1,"y":1,"z":1},"pos":{"x":0,"y":0,"z":-49},"rot":{"x":0,"y":0,"z":0},"size":{"x":50,"y":180,"z":2},"className":"mono.Cube","ambient":[{"r":1,"g":1,"b":1},{"r":1,"g":1,"b":1},{"r":1,"g":1,"b":1},{"r":1,"g":1,"b":1},"#ffffff","#ffffff"],"color":[{"r":1,"g":1,"b":1},{"r":1,"g":1,"b":1},{"r":1,"g":1,"b":1},{"r":1,"g":1,"b":1},"#ffffff","#ffffff"],"dt":["images/gray.png","images/gray.png","images/gray.png","images/gray.png","images/gray.png","images/gray.png"],"transparent":[false,false,false,false,false,false],"types":["phong","phong","phong","phong","phong","phong"],"visible":[true,true,true,true,true,true],"opacity":[1,1,1,1,1,1],"flipX":[false,false,false,false,false,false],"flipY":[false,false,false,false,false,false],"specularStrength":[1,1,1,1,"1","1"],"polygonOffset":[false,false,false,false,false,false],"polygonOffsetFactor":[0,0,0,0,"0","0"],"polygonOffsetUnits":[0,0,0,0,"0","0"],"repeat":[[1,1],[1,1],[1,1],[1,1],[1,1],[1,1]]},{"id":"EDE07923751D9415E8A2F44664501EF98","scale":{"x":1,"y":1,"z":0.61},"pos":{"x":0,"y":0,"z":-50},"rot":{"x":0,"y":1.5707963267948966,"z":0},"className":"mono.ComboNode","operators":["+","+","+"],"combos":[{"id":"D18E9485C72D461A8F5DB899C0CB62F3"},{"id":"8349F79B9CDF411195AE13796DE998CE"},{"id":"959435D98A8845C68CF9012AF2BCF764"},{"id":"E18D0D1399124A6E91C2A7B1EE5A1D15"}],"centralized":true,"dt":["http://localhost:8086/TWaver/Twaver/images/HUAWEI OSN 材质2.png","http://localhost:8086/TWaver/Twaver/images/HUAWEI OSN 材质2.png","http://localhost:8086/TWaver/Twaver/images/HUAWEI OSN 材质2.png","http://localhost:8086/TWaver/Twaver/images/HUAWEI OSN 材质2.png","http://localhost:8086/TWaver/Twaver/images/HUAWEI OSN 材质2.png","http://localhost:8086/TWaver/Twaver/images/HUAWEI OSN 材质2.png","http://localhost:8086/TWaver/Twaver/images/HUAWEI OSN 材质2.png","http://localhost:8086/TWaver/Twaver/images/HUAWEI OSN 材质2.png","http://localhost:8086/TWaver/Twaver/images/HUAWEI OSN 材质2.png","http://localhost:8086/TWaver/Twaver/images/HUAWEI OSN 材质2.png","http://localhost:8086/TWaver/Twaver/images/HUAWEI OSN 材质2.png","http://localhost:8086/TWaver/Twaver/images/HUAWEI OSN 材质2.png","http://localhost:8086/TWaver/Twaver/images/HUAWEI OSN 材质2.png","http://localhost:8086/TWaver/Twaver/images/HUAWEI OSN 材质2.png","http://localhost:8086/TWaver/Twaver/images/HUAWEI OSN 材质2.png","http://localhost:8086/TWaver/Twaver/images/HUAWEI OSN 材质2.png","http://localhost:8086/TWaver/Twaver/images/HUAWEI OSN 材质2.png","http://localhost:8086/TWaver/Twaver/images/HUAWEI OSN 材质2.png","http://localhost:8086/TWaver/Twaver/images/HUAWEI OSN 材质2.png","http://localhost:8086/TWaver/Twaver/images/HUAWEI OSN 材质2.png","http://localhost:8086/TWaver/Twaver/images/HUAWEI OSN 材质2.png","http://localhost:8086/TWaver/Twaver/images/HUAWEI OSN 材质2.png","http://localhost:8086/TWaver/Twaver/images/HUAWEI OSN 材质2.png","http://localhost:8086/TWaver/Twaver/images/HUAWEI OSN 材质2.png"],"transparent":[false,false,false,false,false,false,false,false,false,false,false,false,false,false,false,false,false,false,false,false,false,false,false,false],"types":["phong","phong","phong","phong","phong","phong","phong","phong","phong","phong","phong","phong","phong","phong","phong","phong","phong","phong","phong","phong","phong","phong","phong","phong"],"visible":[true,true,true,true,true,true,true,true,true,true,true,true,true,true,true,true,true,true,true,true,true,true,true,true],"opacity":[1,1,1,1,1,1,1,1,1,1,1,1,1,1,1,1,1,1,1,1,1,1,1,1],"flipX":[false,false,false,false,false,false,false,false,false,false,false,false,false,false,false,false,false,false,false,false,false,false,false,false],"flipY":[false,false,false,false,false,false,false,false,false,false,false,false,false,false,false,false,false,false,false,false,false,false,false,false],"specularStrength":["1","1",1,1,"1",1,1,1,1,1,1,1,1,1,1,1,1,1,1,1,1,1,1,1],"polygonOffset":[false,false,false,false,false,false,false,false,false,false,false,false,false,false,false,false,false,false,false,false,false,false,false,false],"repeat":[[3,3],[3,3],[3,3],[3,3],[3,3],[3,3],[3,3],[3,3],[3,3],[3,3],[3,3],[3,3],[3,3],[3,3],[3,3],[3,3],[3,3],[3,3],[3,3],[3,3],[3,3],[3,3],[3,3],[3,3]],"scaleValue":"1m"},{"id":"D18E9485C72D461A8F5DB899C0CB62F3","scale":{"x":1,"y":1,"z":1},"pos":{"x":-30,"y":95,"z":0},"rot":{"x":0,"y":0,"z":0},"size":{"x":1,"y":10,"z":100},"className":"mono.Cube","ambient":["#ffffff","#ffffff",{"r":1,"g":1,"b":1},{"r":1,"g":1,"b":1},"#ffffff","#ffffff"],"color":["#ffffff","#ffffff",{"r":1,"g":1,"b":1},{"r":1,"g":1,"b":1},"#ffffff","#ffffff"],"dt":["http://localhost:8086/TWaver/Twaver/images/blue.png","http://localhost:8086/TWaver/Twaver/images/dark blue.png","http://localhost:8086/TWaver/Twaver/images/dark blue.png","http://localhost:8086/TWaver/Twaver/images/dark blue.png","http://localhost:8086/TWaver/Twaver/images/blue.png","http://localhost:8086/TWaver/Twaver/images/dark blue.png"],"transparent":[false,false,false,false,false,false],"types":["phong","phong","phong","phong","phong","phong"],"visible":[true,true,true,true,true,true],"opacity":[1,1,1,1,1,1],"flipX":[false,false,false,false,false,false],"flipY":[false,false,false,false,false,false],"polygonOffset":[false,false,false,false,false,false],"repeat":[[3,3],[3,3],[3,3],[3,3],[3,3],[3,3]]},{"id":"8349F79B9CDF411195AE13796DE998CE","scale":{"x":1,"y":1,"z":1},"pos":{"x":-30,"y":0,"z":-45},"rot":{"x":0,"y":0,"z":0},"size":{"x":1,"y":180,"z":10},"className":"mono.Cube","ambient":["#ffffff","#ffffff",{"r":1,"g":1,"b":1},{"r":1,"g":1,"b":1},"#ffffff","#ffffff"],"color":["#ffffff","#ffffff",{"r":1,"g":1,"b":1},{"r":1,"g":1,"b":1},"#ffffff","#ffffff"],"dt":["http://localhost:8086/TWaver/Twaver/images/dark blue.png","http://localhost:8086/TWaver/Twaver/images/dark blue.png","http://localhost:8086/TWaver/Twaver/images/dark blue.png","http://localhost:8086/TWaver/Twaver/images/dark blue.png","http://localhost:8086/TWaver/Twaver/images/dark blue.png","http://localhost:8086/TWaver/Twaver/images/dark blue.png"],"transparent":[false,false,false,false,false,false],"types":["phong","phong","phong","phong","phong","phong"],"visible":[true,true,true,true,true,true],"opacity":[1,1,1,1,1,1],"flipX":[false,false,false,false,false,false],"flipY":[false,false,false,false,false,false],"polygonOffset":[false,false,false,false,false,false],"repeat":[[3,3],[3,3],[3,3],[3,3],[3,3],[3,3]]},{"id":"959435D98A8845C68CF9012AF2BCF764","scale":{"x":1,"y":1,"z":1},"pos":{"x":-30,"y":0,"z":45},"rot":{"x":0,"y":0,"z":0},"size":{"x":1,"y":180,"z":10},"className":"mono.Cube","ambient":["#ffffff","#ffffff",{"r":1,"g":1,"b":1},{"r":1,"g":1,"b":1},"#ffffff","#ffffff"],"color":["#ffffff","#ffffff",{"r":1,"g":1,"b":1},{"r":1,"g":1,"b":1},"#ffffff","#ffffff"],"dt":["http://localhost:8086/TWaver/Twaver/images/blue.png","http://localhost:8086/TWaver/Twaver/images/dark blue.png","http://localhost:8086/TWaver/Twaver/images/dark blue.png","http://localhost:8086/TWaver/Twaver/images/dark blue.png","http://localhost:8086/TWaver/Twaver/images/blue.png","http://localhost:8086/TWaver/Twaver/images/dark blue.png"],"transparent":[false,false,false,false,false,false],"types":["phong","phong","phong","phong","phong","phong"],"visible":[true,true,true,true,true,true],"opacity":[1,1,1,1,1,1],"flipX":[false,false,false,false,false,false],"flipY":[false,false,false,false,false,false],"polygonOffset":[false,false,false,false,false,false],"repeat":[[3,3],[3,3],[3,3],[3,3],[3,3],[3,3]]},{"id":"E18D0D1399124A6E91C2A7B1EE5A1D15","scale":{"x":1,"y":1,"z":1},"pos":{"x":-30,"y":-95,"z":0},"rot":{"x":0,"y":0,"z":0},"size":{"x":1,"y":10,"z":100},"className":"mono.Cube","ambient":["#ffffff","#ffffff",{"r":1,"g":1,"b":1},{"r":1,"g":1,"b":1},"#ffffff","#ffffff"],"color":["#ffffff","#ffffff",{"r":1,"g":1,"b":1},{"r":1,"g":1,"b":1},"#ffffff","#ffffff"],"dt":["http://localhost:8086/TWaver/Twaver/images/blue.png","http://localhost:8086/TWaver/Twaver/images/dark blue.png","http://localhost:8086/TWaver/Twaver/images/dark blue.png","http://localhost:8086/TWaver/Twaver/images/dark blue.png","http://localhost:8086/TWaver/Twaver/images/blue.png","http://localhost:8086/TWaver/Twaver/images/dark blue.png"],"transparent":[false,false,false,false,false,false],"types":["phong","phong","phong","phong","phong","phong"],"visible":[true,true,true,true,true,true],"opacity":[1,1,1,1,1,1],"flipX":[false,false,false,false,false,false],"flipY":[false,false,false,false,false,false],"polygonOffset":[false,false,false,false,false,false],"repeat":[[3,3],[3,3],[3,3],[3,3],[3,3],[3,3]]},{"id":"E184E6C58B7884209939917E7A774B8B0","scale":{"x":1,"y":1,"z":1},"pos":{"x":0,"y":40,"z":0},"rot":{"x":0,"y":0,"z":0},"size":{"x":58,"y":2,"z":60},"className":"mono.Cube","ambient":["#ffffff","#ffffff","#ffffff",{"r":1,"g":1,"b":1},"#ffffff",{"r":1,"g":1,"b":1}],"color":["#ffffff","#ffffff","#ffffff",{"r":1,"g":1,"b":1},"#ffffff",{"r":1,"g":1,"b":1}],"dt":["http://localhost:8086/TWaver/Twaver/images/HUAWEI OSN 材质1.png","http://localhost:8086/TWaver/Twaver/images/HUAWEI OSN 材质1.png","http://localhost:8086/TWaver/Twaver/images/HUAWEI OSN 材质1.png","http://localhost:8086/TWaver/Twaver/images/HUAWEI OSN 材质1.png","http://localhost:8086/TWaver/Twaver/images/HUAWEI OSN 材质1.png","http://localhost:8086/TWaver/Twaver/images/HUAWEI OSN 材质1.png"],"transparent":[false,false,false,false,false,false],"types":["phong","phong","phong","phong","phong","phong"],"opacity":[1,1,1,1,1,1],"flipX":[false,false,false,false,false,false],"flipY":[false,false,false,false,false,false],"specularStrength":["1","1","1",1,"1",1],"polygonOffset":[false,false,false,false,false,false],"polygonOffsetFactor":["0","0","0",0,"0",0],"polygonOffsetUnits":["0","0","0",0,"0",0],"repeat":[[3,3],[3,3],[3,3],[3,3],[3,3],[3,3]],"scaleValue":"1m"},{"id":"EBA5FDE47E27E473BAA5FADA8BFFEDB13","scale":{"x":1,"y":1,"z":1},"pos":{"x":0,"y":0,"z":49},"rot":{"x":0,"y":0,"z":0},"className":"mono.ComboNode","operators":["+","+","+"],"combos":[{"id":"E5542BBD29E114DA08C03B1277A613A83"},{"id":"E162699A220964F88AF49D7A1E20ACF09"},{"id":"EE3AFAEBE0C73470E847E79317609BC6B"},{"id":"EE422F731926F49C38F2EA238F9768E7D"}],"centralized":true,"repeat":[[3,3],[3,3],[3,3],[3,3],[3,3],[3,3],[3,3],[3,3],[3,3],[3,3],[3,3],[3,3],[3,3],[3,3],[3,3],[3,3],[3,3],[3,3],[3,3],[3,3],[3,3],[3,3],[3,3],[3,3]],"scaleValue":"1m"},{"id":"E5542BBD29E114DA08C03B1277A613A83","scale":{"x":1,"y":1,"z":1},"pos":{"x":-27,"y":0,"z":49},"rot":{"x":0,"y":0,"z":0},"size":{"x":6,"y":180,"z":2},"className":"mono.Cube","ambient":["#ffffff",{"r":1,"g":1,"b":1},"#ffffff",{"r":1,"g":1,"b":1},"#ffffff",{"r":1,"g":1,"b":1}],"color":["#ffffff",{"r":1,"g":1,"b":1},"#ffffff",{"r":1,"g":1,"b":1},"#ffffff",{"r":1,"g":1,"b":1}],"dt":["http://localhost:8086/TWaver/Twaver/images/HUAWEI OSN 材质2.png","http://localhost:8086/TWaver/Twaver/images/HUAWEI OSN 材质2.png","http://localhost:8086/TWaver/Twaver/images/HUAWEI OSN 材质2.png","http://localhost:8086/TWaver/Twaver/images/HUAWEI OSN 材质2.png","http://localhost:8086/TWaver/Twaver/images/HUAWEI OSN 材质2.png","http://localhost:8086/TWaver/Twaver/images/HUAWEI OSN 材质2.png"],"transparent":[false,false,false,false,false,false],"types":["phong","phong","phong","phong","phong","phong"],"opacity":[1,1,1,1,1,1],"flipX":[false,false,false,false,false,false],"flipY":[false,false,false,false,false,false],"specularStrength":["1",1,"1",1,"1",1],"polygonOffset":[false,false,false,false,false,false],"polygonOffsetFactor":["0",0,"0",0,"0",0],"polygonOffsetUnits":["0",0,"0",0,"0",0],"repeat":[[3,3],[3,3],[3,3],[3,3],[3,3],[3,3]]},{"id":"E162699A220964F88AF49D7A1E20ACF09","scale":{"x":1,"y":1,"z":1},"pos":{"x":0,"y":95,"z":49},"rot":{"x":0,"y":0,"z":0},"size":{"x":60,"y":10,"z":2},"className":"mono.Cube","ambient":["#ffffff",{"r":1,"g":1,"b":1},"#ffffff",{"r":1,"g":1,"b":1},"#ffffff",{"r":1,"g":1,"b":1}],"color":["#ffffff",{"r":1,"g":1,"b":1},"#ffffff",{"r":1,"g":1,"b":1},"#ffffff",{"r":1,"g":1,"b":1}],"dt":["http://localhost:8086/TWaver/Twaver/images/HUAWEI OSN 材质2.png","http://localhost:8086/TWaver/Twaver/images/HUAWEI OSN 材质2.png","http://localhost:8086/TWaver/Twaver/images/HUAWEI OSN 材质2.png","http://localhost:8086/TWaver/Twaver/images/HUAWEI OSN 材质2.png","http://localhost:8086/TWaver/Twaver/images/HUAWEI OSN 材质2.png","http://localhost:8086/TWaver/Twaver/images/HUAWEI OSN 材质2.png"],"transparent":[false,false,false,false,false,false],"types":["phong","phong","phong","phong","phong","phong"],"opacity":[1,1,1,1,1,1],"flipX":[false,false,false,false,false,false],"flipY":[false,false,false,false,false,false],"specularStrength":["1",1,"1",1,"1",1],"polygonOffset":[false,false,false,false,false,false],"polygonOffsetFactor":["0",0,"0",0,"0",0],"polygonOffsetUnits":["0",0,"0",0,"0",0],"repeat":[[3,3],[3,3],[3,3],[3,3],[3,3],[3,3]]},{"id":"EE3AFAEBE0C73470E847E79317609BC6B","scale":{"x":1,"y":1,"z":1},"pos":{"x":27,"y":0,"z":49},"rot":{"x":0,"y":0,"z":0},"size":{"x":6,"y":180,"z":2},"className":"mono.Cube","ambient":["#ffffff",{"r":1,"g":1,"b":1},"#ffffff",{"r":1,"g":1,"b":1},"#ffffff",{"r":1,"g":1,"b":1}],"color":["#ffffff",{"r":1,"g":1,"b":1},"#ffffff",{"r":1,"g":1,"b":1},"#ffffff",{"r":1,"g":1,"b":1}],"dt":["http://localhost:8086/TWaver/Twaver/images/HUAWEI OSN 材质2.png","http://localhost:8086/TWaver/Twaver/images/HUAWEI OSN 材质2.png","http://localhost:8086/TWaver/Twaver/images/HUAWEI OSN 材质2.png","http://localhost:8086/TWaver/Twaver/images/HUAWEI OSN 材质2.png","http://localhost:8086/TWaver/Twaver/images/HUAWEI OSN 材质2.png","http://localhost:8086/TWaver/Twaver/images/HUAWEI OSN 材质2.png"],"transparent":[false,false,false,false,false,false],"types":["phong","phong","phong","phong","phong","phong"],"opacity":[1,1,1,1,1,1],"flipX":[false,false,false,false,false,false],"flipY":[false,false,false,false,false,false],"specularStrength":["1",1,"1",1,"1",1],"polygonOffset":[false,false,false,false,false,false],"polygonOffsetFactor":["0",0,"0",0,"0",0],"polygonOffsetUnits":["0",0,"0",0,"0",0],"repeat":[[3,3],[3,3],[3,3],[3,3],[3,3],[3,3]]},{"id":"EE422F731926F49C38F2EA238F9768E7D","scale":{"x":1,"y":1,"z":1},"pos":{"x":0,"y":-95,"z":49},"rot":{"x":0,"y":0,"z":0},"size":{"x":60,"y":10,"z":2},"className":"mono.Cube","ambient":["#ffffff",{"r":1,"g":1,"b":1},"#ffffff",{"r":1,"g":1,"b":1},"#ffffff",{"r":1,"g":1,"b":1}],"color":["#ffffff",{"r":1,"g":1,"b":1},"#ffffff",{"r":1,"g":1,"b":1},"#ffffff",{"r":1,"g":1,"b":1}],"dt":["http://localhost:8086/TWaver/Twaver/images/HUAWEI OSN 材质2.png","http://localhost:8086/TWaver/Twaver/images/HUAWEI OSN 材质2.png","http://localhost:8086/TWaver/Twaver/images/HUAWEI OSN 材质2.png","http://localhost:8086/TWaver/Twaver/images/HUAWEI OSN 材质2.png","http://localhost:8086/TWaver/Twaver/images/HUAWEI OSN 材质2.png","http://localhost:8086/TWaver/Twaver/images/HUAWEI OSN 材质2.png"],"transparent":[false,false,false,false,false,false],"types":["phong","phong","phong","phong","phong","phong"],"opacity":[1,1,1,1,1,1],"flipX":[false,false,false,false,false,false],"flipY":[false,false,false,false,false,false],"specularStrength":["1",1,"1",1,"1",1],"polygonOffset":[false,false,false,false,false,false],"polygonOffsetFactor":["0",0,"0",0,"0",0],"polygonOffsetUnits":["0",0,"0",0,"0",0],"repeat":[[3,3],[3,3],[3,3],[3,3],[3,3],[3,3]]},{"id":"E226AE29BACFE40B1869A8C741F473AB1","scale":{"x":1,"y":1,"z":1},"pos":{"x":0,"y":-40,"z":0},"rot":{"x":0,"y":0,"z":0},"size":{"x":58,"y":2,"z":60},"className":"mono.Cube","ambient":["#ffffff","#ffffff","#ffffff",{"r":1,"g":1,"b":1},"#ffffff",{"r":1,"g":1,"b":1}],"color":["#ffffff","#ffffff","#ffffff",{"r":1,"g":1,"b":1},"#ffffff",{"r":1,"g":1,"b":1}],"dt":["images/default_texture.png","images/default_texture.png","http://localhost:8086/TWaver/Twaver/images/HUAWEI OSN 材质1.png","http://localhost:8086/TWaver/Twaver/images/HUAWEI OSN 材质1.png","http://localhost:8086/TWaver/Twaver/images/HUAWEI OSN 材质1.png","http://localhost:8086/TWaver/Twaver/images/HUAWEI OSN 材质1.png"],"transparent":[false,false,false,false,false,false],"types":["phong","phong","phong","phong","phong","phong"],"opacity":[1,1,1,1,1,1],"flipX":[false,false,false,false,false,false],"flipY":[false,false,false,false,false,false],"specularStrength":["1","1","1",1,"1",1],"polygonOffset":[false,false,false,false,false,false],"polygonOffsetFactor":["0","0","0",0,"0",0],"polygonOffsetUnits":["0","0","0",0,"0",0],"repeat":[[3,3],[3,3],[3,3],[3,3],[3,3],[3,3]],"scaleValue":"1m"},{"id":"E7ADB50F38D3546CCAB5FD32D3D04F79D","scale":{"x":1,"y":1,"z":1},"pos":{"x":0,"y":-101,"z":0},"rot":{"x":0,"y":0,"z":0},"size":{"x":61,"y":2,"z":100},"className":"mono.Cube","ambient":["#ffffff","#ffffff","#ffffff","#ffffff","#ffffff",{"r":1,"g":1,"b":1}],"color":["#ffffff","#ffffff","#ffffff","#ffffff","#ffffff",{"r":1,"g":1,"b":1}],"dt":["images/default_texture.png","images/default_texture.png","http://localhost:8086/TWaver/Twaver/images/HUAWEI OSN 材质1.png","http://localhost:8086/TWaver/Twaver/images/HUAWEI OSN 材质1.png","http://localhost:8086/TWaver/Twaver/images/HUAWEI OSN 材质1.png","http://localhost:8086/TWaver/Twaver/images/HUAWEI OSN 材质1.png"],"transparent":[false,false,false,false,false,false],"types":["phong","phong","phong","phong","phong","phong"],"opacity":[1,1,1,1,1,1],"flipX":[false,false,false,false,false,false],"flipY":[false,false,false,false,false,false],"specularStrength":["1","1","1","1","1",1],"polygonOffset":[false,false,false,false,false,false],"polygonOffsetFactor":["0","0","0","0","0",0],"polygonOffsetUnits":["0","0","0","0","0",0],"repeat":[[3,3],[3,3],[3,3],[3,3],[3,3],[3,3]],"scaleValue":"1m"},{"id":"E1A0A74376783437182C23C9795504B24","scale":{"x":0.9999993664551263,"y":1,"z":0.9999993664551263},"pos":{"x":0.1011689305305481,"y":-1.193199827976066e-16,"z":48.89902877807617},"rot":{"x":3.495372016250329e-20,"y":-0.004205618344090376,"z":2.4561028848854185e-18},"className":"mono.ComboNode","operators":["+"],"combos":[{"id":"EA0F45E964AB1425889CBADA26038AE53"},{"id":"EAA27B94F11204A908CC81FB41FA60974"}],"centralized":true,"dt":["http://localhost:8086/TWaver/Twaver/images/HUAWEI%20OSN%20%E6%9D%90%E8%B4%A81.png","http://localhost:8086/TWaver/Twaver/images/HUAWEI%20OSN%20%E6%9D%90%E8%B4%A81.png","http://localhost:8086/TWaver/Twaver/images/HUAWEI%20OSN%20%E6%9D%90%E8%B4%A81.png","http://localhost:8086/TWaver/Twaver/images/HUAWEI%20OSN%20%E6%9D%90%E8%B4%A81.png","http://localhost:8086/TWaver/Twaver/images/HUAWEI%20OSN%20%E6%9D%90%E8%B4%A81.png","http://localhost:8086/TWaver/Twaver/images/HUAWEI%20OSN%20%E6%9D%90%E8%B4%A81.png","http://localhost:8086/TWaver/Twaver/images/HUAWEI%20OSN%20%E6%9D%90%E8%B4%A81.png","http://localhost:8086/TWaver/Twaver/images/HUAWEI%20OSN%20%E6%9D%90%E8%B4%A81.png","http://localhost:8086/TWaver/Twaver/images/HUAWEI%20OSN%20%E6%9D%90%E8%B4%A81.png","http://localhost:8086/TWaver/Twaver/images/HUAWEI%20OSN%20%E6%9D%90%E8%B4%A81.png","http://localhost:8086/TWaver/Twaver/images/HUAWEI%20OSN%20%E6%9D%90%E8%B4%A81.png","http://localhost:8086/TWaver/Twaver/images/HUAWEI%20OSN%20%E6%9D%90%E8%B4%A81.png","http://localhost:8086/TWaver/Twaver/images/HUAWEI%20OSN%20%E6%9D%90%E8%B4%A81.png","http://localhost:8086/TWaver/Twaver/images/HUAWEI%20OSN%20%E6%9D%90%E8%B4%A81.png","http://localhost:8086/TWaver/Twaver/images/HUAWEI%20OSN%20%E6%9D%90%E8%B4%A81.png","http://localhost:8086/TWaver/Twaver/images/HUAWEI%20OSN%20%E6%9D%90%E8%B4%A81.png","http://localhost:8086/TWaver/Twaver/images/HUAWEI%20OSN%20%E6%9D%90%E8%B4%A81.png","http://localhost:8086/TWaver/Twaver/images/HUAWEI%20OSN%20%E6%9D%90%E8%B4%A81.png","http://localhost:8086/TWaver/Twaver/images/HUAWEI%20OSN%20%E6%9D%90%E8%B4%A81.png","http://localhost:8086/TWaver/Twaver/images/HUAWEI%20OSN%20%E6%9D%90%E8%B4%A81.png","http://localhost:8086/TWaver/Twaver/images/HUAWEI%20OSN%20%E6%9D%90%E8%B4%A81.png","http://localhost:8086/TWaver/Twaver/images/HUAWEI%20OSN%20%E6%9D%90%E8%B4%A81.png","http://localhost:8086/TWaver/Twaver/images/HUAWEI%20OSN%20%E6%9D%90%E8%B4%A81.png","http://localhost:8086/TWaver/Twaver/images/HUAWEI%20OSN%20%E6%9D%90%E8%B4%A81.png","https://mono-design.cn/images/gray.png","https://mono-design.cn/images/gray.png","https://mono-design.cn/images/gray.png","https://mono-design.cn/images/gray.png","https://mono-design.cn/images/gray.png","https://mono-design.cn/images/gray.png","http://localhost:8086/TWaver/Twaver/images/%E6%9C%BA%E6%9F%9C001a.png","http://localhost:8086/TWaver/Twaver/images/%E6%9C%BA%E6%9F%9C001a.png","http://localhost:8086/TWaver/Twaver/images/%E6%9C%BA%E6%9F%9C001a.png","http://localhost:8086/TWaver/Twaver/images/%E6%9C%BA%E6%9F%9C001a.png","http://localhost:8086/TWaver/Twaver/images/%E6%9C%BA%E6%9F%9C001a.png","http://localhost:8086/TWaver/Twaver/images/%E6%9C%BA%E6%9F%9C001a.png"],"transparent":[false,false,false,false,false,false,false,false,false,false,false,false,false,false,false,false,false,false,false,false,false,false,false,false,false,false,false,false,true,true,false,false,false,false,false,false],"opacity":[1,1,1,1,1,1,1,1,1,1,1,1,1,1,1,1,1,1,1,1,1,1,1,1,1,1,1,1,0.1,0.1,1,1,1,1,1,1],"flipX":[false,false,false,false,false,false,false,false,false,false,false,false,false,false,false,false,false,false,false,false,false,false,false,false,false,false,false,false,false,false,false,false,false,false,false,false],"flipY":[false,false,false,false,false,false,false,false,false,false,false,false,false,false,false,false,false,false,false,false,false,false,false,false,false,false,false,false,false,false,false,false,false,false,false,false],"specularStrength":[1,1,1,1,"1",1,1,1,1,1,1,1,1,1,1,1,1,1,1,1,1,1,1,1,1,1,1,1,"1",1,1,1,1,1,1,1],"repeat":[[3,3],[3,3],[3,3],[3,3],[3,3],[3,3],[3,3],[3,3],[3,3],[3,3],[3,3],[3,3],[3,3],[3,3],[3,3],[3,3],[3,3],[3,3],[3,3],[3,3],[3,3],[3,3],[3,3],[3,3],[1,1],[1,1],[1,1],[1,1],[1,1],[1,1],[3,3],[3,3],[3,3],[3,3],[3,3],[3,3]],"scaleValue":"1m"},{"id":"EA0F45E964AB1425889CBADA26038AE53","scale":{"x":1,"y":1,"z":1},"pos":{"x":0,"y":0,"z":49},"rot":{"x":2.4316587621714778e-20,"y":0.0069981122691596155,"z":-6.153735511562423e-18},"className":"mono.ComboNode","operators":["+"],"combos":[{"id":"EEFFDF61D0DA144259ED598669B056FE5"},{"id":"ECCEAB6E0E0244D0884F78499C79E2D14"}],"centralized":true,"dt":["http://localhost:8086/TWaver/Twaver/images/HUAWEI%20OSN%20%E6%9D%90%E8%B4%A81.png","http://localhost:8086/TWaver/Twaver/images/HUAWEI%20OSN%20%E6%9D%90%E8%B4%A81.png","http://localhost:8086/TWaver/Twaver/images/HUAWEI%20OSN%20%E6%9D%90%E8%B4%A81.png","http://localhost:8086/TWaver/Twaver/images/HUAWEI%20OSN%20%E6%9D%90%E8%B4%A81.png","http://localhost:8086/TWaver/Twaver/images/HUAWEI%20OSN%20%E6%9D%90%E8%B4%A81.png","http://localhost:8086/TWaver/Twaver/images/HUAWEI%20OSN%20%E6%9D%90%E8%B4%A81.png","http://localhost:8086/TWaver/Twaver/images/HUAWEI%20OSN%20%E6%9D%90%E8%B4%A81.png","http://localhost:8086/TWaver/Twaver/images/HUAWEI%20OSN%20%E6%9D%90%E8%B4%A81.png","http://localhost:8086/TWaver/Twaver/images/HUAWEI%20OSN%20%E6%9D%90%E8%B4%A81.png","http://localhost:8086/TWaver/Twaver/images/HUAWEI%20OSN%20%E6%9D%90%E8%B4%A81.png","http://localhost:8086/TWaver/Twaver/images/HUAWEI%20OSN%20%E6%9D%90%E8%B4%A81.png","http://localhost:8086/TWaver/Twaver/images/HUAWEI%20OSN%20%E6%9D%90%E8%B4%A81.png","http://localhost:8086/TWaver/Twaver/images/HUAWEI%20OSN%20%E6%9D%90%E8%B4%A81.png","http://localhost:8086/TWaver/Twaver/images/HUAWEI%20OSN%20%E6%9D%90%E8%B4%A81.png","http://localhost:8086/TWaver/Twaver/images/HUAWEI%20OSN%20%E6%9D%90%E8%B4%A81.png","http://localhost:8086/TWaver/Twaver/images/HUAWEI%20OSN%20%E6%9D%90%E8%B4%A81.png","http://localhost:8086/TWaver/Twaver/images/HUAWEI%20OSN%20%E6%9D%90%E8%B4%A81.png","http://localhost:8086/TWaver/Twaver/images/HUAWEI%20OSN%20%E6%9D%90%E8%B4%A81.png","http://localhost:8086/TWaver/Twaver/images/HUAWEI%20OSN%20%E6%9D%90%E8%B4%A81.png","http://localhost:8086/TWaver/Twaver/images/HUAWEI%20OSN%20%E6%9D%90%E8%B4%A81.png","http://localhost:8086/TWaver/Twaver/images/HUAWEI%20OSN%20%E6%9D%90%E8%B4%A81.png","http://localhost:8086/TWaver/Twaver/images/HUAWEI%20OSN%20%E6%9D%90%E8%B4%A81.png","http://localhost:8086/TWaver/Twaver/images/HUAWEI%20OSN%20%E6%9D%90%E8%B4%A81.png","http://localhost:8086/TWaver/Twaver/images/HUAWEI%20OSN%20%E6%9D%90%E8%B4%A81.png","https://mono-design.cn/images/gray.png","https://mono-design.cn/images/gray.png","https://mono-design.cn/images/gray.png","https://mono-design.cn/images/gray.png","https://mono-design.cn/images/gray.png","https://mono-design.cn/images/gray.png"],"transparent":[false,false,false,false,false,false,false,false,false,false,false,false,false,false,false,false,false,false,false,false,false,false,false,false,false,false,false,false,true,true],"opacity":[1,1,1,1,1,1,1,1,1,1,1,1,1,1,1,1,1,1,1,1,1,1,1,1,1,1,1,1,0.1,0.1],"flipX":[false,false,false,false,false,false,false,false,false,false,false,false,false,false,false,false,false,false,false,false,false,false,false,false,false,false,false,false,false,false],"flipY":[false,false,false,false,false,false,false,false,false,false,false,false,false,false,false,false,false,false,false,false,false,false,false,false,false,false,false,false,false,false],"specularStrength":[1,1,1,1,1,1,1,1,1,1,1,1,1,1,1,1,1,1,1,1,1,1,1,1,1,1,1,1,"1",1],"repeat":[[3,3],[3,3],[3,3],[3,3],[3,3],[3,3],[3,3],[3,3],[3,3],[3,3],[3,3],[3,3],[3,3],[3,3],[3,3],[3,3],[3,3],[3,3],[3,3],[3,3],[3,3],[3,3],[3,3],[3,3],[1,1],[1,1],[1,1],[1,1],[1,1],[1,1]]},{"id":"EEFFDF61D0DA144259ED598669B056FE5","scale":{"x":0.8,"y":0.9,"z":1},"pos":{"x":0,"y":0,"z":49},"rot":{"x":0,"y":0,"z":0},"className":"mono.ComboNode","operators":["+","+","+"],"combos":[{"id":"E5542BBD29E114DA08C03B1277A613A83"},{"id":"E162699A220964F88AF49D7A1E20ACF09"},{"id":"EE3AFAEBE0C73470E847E79317609BC6B"},{"id":"EE422F731926F49C38F2EA238F9768E7D"}],"centralized":true,"dt":["http://localhost:8086/TWaver/Twaver/images/HUAWEI OSN 材质1.png","http://localhost:8086/TWaver/Twaver/images/HUAWEI OSN 材质1.png","http://localhost:8086/TWaver/Twaver/images/HUAWEI OSN 材质1.png","http://localhost:8086/TWaver/Twaver/images/HUAWEI OSN 材质1.png","http://localhost:8086/TWaver/Twaver/images/HUAWEI OSN 材质1.png","http://localhost:8086/TWaver/Twaver/images/HUAWEI OSN 材质1.png","http://localhost:8086/TWaver/Twaver/images/HUAWEI OSN 材质1.png","http://localhost:8086/TWaver/Twaver/images/HUAWEI OSN 材质1.png","http://localhost:8086/TWaver/Twaver/images/HUAWEI OSN 材质1.png","http://localhost:8086/TWaver/Twaver/images/HUAWEI OSN 材质1.png","http://localhost:8086/TWaver/Twaver/images/HUAWEI OSN 材质1.png","http://localhost:8086/TWaver/Twaver/images/HUAWEI OSN 材质1.png","http://localhost:8086/TWaver/Twaver/images/HUAWEI OSN 材质1.png","http://localhost:8086/TWaver/Twaver/images/HUAWEI OSN 材质1.png","http://localhost:8086/TWaver/Twaver/images/HUAWEI OSN 材质1.png","http://localhost:8086/TWaver/Twaver/images/HUAWEI OSN 材质1.png","http://localhost:8086/TWaver/Twaver/images/HUAWEI OSN 材质1.png","http://localhost:8086/TWaver/Twaver/images/HUAWEI OSN 材质1.png","http://localhost:8086/TWaver/Twaver/images/HUAWEI OSN 材质1.png","http://localhost:8086/TWaver/Twaver/images/HUAWEI OSN 材质1.png","http://localhost:8086/TWaver/Twaver/images/HUAWEI OSN 材质1.png","http://localhost:8086/TWaver/Twaver/images/HUAWEI OSN 材质1.png","http://localhost:8086/TWaver/Twaver/images/HUAWEI OSN 材质1.png","http://localhost:8086/TWaver/Twaver/images/HUAWEI OSN 材质1.png"],"transparent":[false,false,false,false,false,false,false,false,false,false,false,false,false,false,false,false,false,false,false,false,false,false,false,false],"opacity":[1,1,1,1,1,1,1,1,1,1,1,1,1,1,1,1,1,1,1,1,1,1,1,1],"flipX":[false,false,false,false,false,false,false,false,false,false,false,false,false,false,false,false,false,false,false,false,false,false,false,false],"flipY":[false,false,false,false,false,false,false,false,false,false,false,false,false,false,false,false,false,false,false,false,false,false,false,false],"specularStrength":[1,1,1,1,"1",1,1,1,1,1,"1",1,1,1,1,1,"1",1,1,1,1,1,1,1],"repeat":[[3,3],[3,3],[3,3],[3,3],[3,3],[3,3],[3,3],[3,3],[3,3],[3,3],[3,3],[3,3],[3,3],[3,3],[3,3],[3,3],[3,3],[3,3],[3,3],[3,3],[3,3],[3,3],[3,3],[3,3]]},{"id":"ECCEAB6E0E0244D0884F78499C79E2D14","scale":{"x":1,"y":1,"z":1},"pos":{"x":0,"y":0,"z":49},"rot":{"x":0,"y":0,"z":0},"size":{"x":39,"y":162,"z":2},"className":"mono.Cube","ambient":[{"r":1,"g":1,"b":1},{"r":1,"g":1,"b":1},{"r":1,"g":1,"b":1},{"r":1,"g":1,"b":1},"#ffffff","#ffffff"],"color":[{"r":1,"g":1,"b":1},{"r":1,"g":1,"b":1},{"r":1,"g":1,"b":1},{"r":1,"g":1,"b":1},"#ffffff","#ffffff"],"dt":["images/gray.png","images/gray.png","images/gray.png","images/gray.png","images/gray.png","images/gray.png"],"transparent":[false,false,false,false,true,true],"types":["phong","phong","phong","phong","phong","phong"],"visible":[true,true,true,true,true,true],"opacity":[1,1,1,1,0.1,0.1],"flipX":[false,false,false,false,false,false],"flipY":[false,false,false,false,false,false],"specularStrength":[1,1,1,1,"1","1"],"polygonOffset":[false,false,false,false,false,false],"polygonOffsetFactor":[0,0,0,0,"0","0"],"polygonOffsetUnits":[0,0,0,0,"0","0"],"repeat":[[1,1],[1,1],[1,1],[1,1],[1,1],[1,1]]},{"id":"EAA27B94F11204A908CC81FB41FA60974","scale":{"x":1,"y":1,"z":1},"pos":{"x":-21.01,"y":1,"z":49.93},"rot":{"x":0,"y":0,"z":0},"size":{"x":1,"y":10,"z":1},"className":"mono.Cube","ambient":["#ffffff",{"r":1,"g":1,"b":1},{"r":1,"g":1,"b":1},{"r":1,"g":1,"b":1},"#ffffff",{"r":1,"g":1,"b":1}],"color":["#ffffff",{"r":1,"g":1,"b":1},{"r":1,"g":1,"b":1},{"r":1,"g":1,"b":1},"#ffffff",{"r":1,"g":1,"b":1}],"dt":["http://localhost:8086/TWaver/Twaver/images/机柜001a.png","http://localhost:8086/TWaver/Twaver/images/机柜001a.png","http://localhost:8086/TWaver/Twaver/images/机柜001a.png","http://localhost:8086/TWaver/Twaver/images/机柜001a.png","http://localhost:8086/TWaver/Twaver/images/机柜001a.png","http://localhost:8086/TWaver/Twaver/images/机柜001a.png"],"transparent":[false,false,false,false,false,false],"types":["phong","phong","phong","phong","phong","phong"],"opacity":[1,1,1,1,1,1],"flipX":[false,false,false,false,false,false],"flipY":[false,false,false,false,false,false],"specularStrength":["1",1,1,1,"1",1],"polygonOffset":[false,false,false,false,false,false],"polygonOffsetFactor":["0",0,0,0,"0",0],"polygonOffsetUnits":["0",0,0,0,"0",0],"repeat":[[3,3],[3,3],[3,3],[3,3],[3,3],[3,3]]}],"assembles":[{"id":"AD686944-A3C2-4FD4-BF61-8EE3333DCB2A","children":[{"id":"EBE835313508E430989E8717BFAE25ABC","pos":{"x":0,"y":100.75,"z":0.19413794357021175}},{"id":"E66072F51CA224988B88EE7838CFC4648","pos":{"x":-29.25,"y":-1.25,"z":0.19413794357021175}},{"id":"EC004016D457B497D858254F58C578D73","pos":{"x":29.25,"y":-1.25,"z":0.19413794357021175}},{"id":"E091BE51943264DB2940823910372D358","pos":{"x":0,"y":-1.25,"z":-49.05586205642979}},{"id":"E184E6C58B7884209939917E7A774B8B0","pos":{"x":0,"y":38.75,"z":0.19413794357021175}},{"id":"EBA5FDE47E27E473BAA5FADA8BFFEDB13","pos":{"x":0,"y":-1.25,"z":49.19413794357021}},{"id":"E226AE29BACFE40B1869A8C741F473AB1","pos":{"x":0,"y":-41.25,"z":0.19413794357021175}},{"id":"E7ADB50F38D3546CCAB5FD32D3D04F79D","pos":{"x":0,"y":-102.25,"z":0.19413794357021175}},{"id":"E1A0A74376783437182C23C9795504B24","animation":"rotation:right:-120","pos":{"x":0.1011689305305481,"y":-1.2500000000000002,"z":49.093166721646384}}],"assembleSize":{"x":61.19615242270663,"y":206.5,"z":100.61172411285958},"off":{"x":0,"y":1.25,"z":-0.19413794357021175},"ishost":true,"templateName":"网络机柜 60*100*200","scaleValue":"1m","isEntity":false}],"sketch":{"buildings":[{"id":"9507483E1FE54D6EA811BDC737FB56D7","oid":"9507483E1FE54D6EA811BDC737FB56D7","gid":"squareRoom","position":[424,150,325],"floorName":"1st Floor","floorHeight":0,"angle":0,"layerId":"Wall","dshape":[224,0,125,624,0,125,624,0,525,224,0,525],"children":[],"useTexture":false,"framePic":"images/wall00-frame.png","wallInnerPic":"images/wall00-inner.png","wallOuterPic":"images/wall00.png","isInnerWall":false,"transparent":false,"opacity":1,"lightmap":"images/lightmap.png"}],"equipments":[{"id":"C028A46473344B399E3EBEC8A985E888","gid":"AD686944-A3C2-4FD4-BF61-8EE3333DCB2A","position":[397,null,319],"primitiveName":"网络机柜 60*100*200","floorName":"1st Floor","floorHeight":0,"angle":0,"scale":[1,1,1],"layerId":"Template"}],"targets":[],"pipes":[],"floors":[{"id":"14F18AE6B2B345BB87A34903716B4F37","gid":"floor02","position":[424,0,325],"floorName":"1st Floor","floorHeight":0,"angle":0,"layerId":"Floor","dshape":[224,0,125,624,0,125,624,0,525,224,0,525],"picture":"images/floor02_3d.png","repeat":100,"size":{"x":0,"y":0,"z":0.1},"hostNodeId":"9507483E1FE54D6EA811BDC737FB56D7","transparent":false,"opacity":1}],"layers":[{"floorName":"1st Floor","floorHeight":0,"floorVisible":true,"floorRef":false,"floorLayer":true}]}}