{"primitives":[{"id":"floor02","label":"Square Floor","tips":"Drag and Drop to \nCanvas to Make\n a New Floor","thumbnail":"floor01.png","ov":"floor01.png","ov-s":"specified shape type","dm":"material 0","dt":"floor02_3d.png","dshape":[-200,0,-200,200,0,-200,200,0,200,-200,0,200],"size":{"x":200,"y":20,"z":100},"pos":{"x":0,"y":0,"z":0},"rot":{"x":0,"y":0,"z":0},"transparent":false,"opacity":1,"layerId":"Floor"},{"id":"squareRoom","label":"Square Wall","tips":"Drag and Drop to \nCanvas to Make\n a New Wall","thumbnail":"room01.png","ov":"room01.png","ov-s":"specified shape type","dm":"material 0","dt":"wall.png","dshape":[-200,0,-200,200,0,-200,200,0,200,-200,0,200],"size":{"x":200,"y":300,"z":10},"pos":{"x":0,"y":0,"z":0},"rot":{"x":0,"y":0,"z":0},"transparent":false,"opacity":1,"layerId":"Wall"}],"assembles":[],"sketch":{"buildings":[{"id":"83D361894E5B44D387D4360C05D364D1","oid":"83D361894E5B44D387D4360C05D364D1","gid":"squareRoom","position":[491,150,181],"floorName":"1st Floor","floorHeight":0,"angle":0,"layerId":"Wall","dshape":[291,0,-19,691,0,-19,691,0,381,291,0,381],"children":[],"useTexture":false,"framePic":"http://localhost:8086/TWaver/Twaver/images/wall00-frame.png","wallInnerPic":"http://localhost:8086/TWaver/Twaver/images/wall00-inner.png","wallOuterPic":"http://localhost:8086/TWaver/Twaver/images/wall00.png","isInnerWall":false,"transparent":false,"opacity":1},{"id":"35C7142537A646758435714E1BF87EC2","gid":"squareRoom","position":[494,150,186],"floorName":"1st Floor","floorHeight":0,"angle":0,"layerId":"Wall","dshape":[294,0,-14,694,0,-14,694,0,386,294,0,386],"children":[],"useTexture":false,"framePic":"http://localhost:8086/TWaver/Twaver/images/wall00-frame.png","wallInnerPic":"http://localhost:8086/TWaver/Twaver/images/wall00-inner.png","wallOuterPic":"http://localhost:8086/TWaver/Twaver/images/wall00.png","isInnerWall":false,"transparent":false,"opacity":1}],"equipments":[],"targets":[],"pipes":[],"floors":[{"id":"DE9A6896AEF44BBF80AD59EE96CA2509","gid":"floor02","position":[491,0,181],"floorName":"1st Floor","floorHeight":0,"angle":0,"layerId":"Floor","dshape":[291,0,-19,691,0,-19,691,0,381,291,0,381],"picture":"http://localhost:8086/TWaver/Twaver/images/floor02_3d.png","repeat":100,"size":{"x":0,"y":0,"z":0.1},"hostNodeId":"83D361894E5B44D387D4360C05D364D1","transparent":false,"opacity":1}],"layers":[{"floorName":"1st Floor","floorHeight":0,"floorVisible":true,"floorRef":false,"floorLayer":true}]}}