{"primitives":[{"id":"E3827C3AC8C4E4D1A8AB270134FA4CF4E","scale":{"x":1,"y":1,"z":1},"pos":{"x":31.120118146810682,"y":57.86419261955038,"z":153.2557969212677},"rot":{"x":0,"y":0,"z":0},"size":{"x":17.5,"y":36,"z":43.5},"className":"mono.Cube","ambient":["#ffffff","#ffffff","#ffffff","#ffffff","#ffffff","#ffffff"],"color":["#ffffff","#ffffff","#ffffff","#ffffff","#ffffff","#ffffff"],"dt":["images/设备侧边.png","images/设备侧边.png","images/设备侧边.png","images/设备侧边.png","images/ceB22K7C7skh6.png","images/cetHFajNbuehU.png"],"transparent":[false,false,false,false,false,false],"types":["phong","phong","phong","phong","phong","phong"],"visible":true,"opacity":[1,1,1,1,1,1],"flipX":[false,false,false,false,false,false],"flipY":[false,false,false,false,false,false],"repeat":[[1,1],[1,1],[1,1],[1,1],[1,1],[1,1]],"scaleValue":"1m"}],"assembles":[{"id":"B65FF0C7-0681-4B74-ADB1-0C2B55D41961","children":[{"id":"E3827C3AC8C4E4D1A8AB270134FA4CF4E","pos":{"x":-9.480379503656877e-7,"y":-3.4309610441596305e-7,"z":-0.0000014185760619511711}}],"assembleSize":{"x":17.5,"y":36,"z":43.5},"off":{"x":31.120119094848633,"y":57.864192962646484,"z":153.25579833984375},"ishost":true,"scaleValue":"1m"}]}